cylinders,displacement,horsepower,weight,acceleration,model year,origin,mpg
8.0,1.5028624430023265,1.5924257083656195,0.8388135037398264,-1.488697419189394,70.0,1,15.0
8.0,1.19554475347749,1.1998347390456383,0.5371906421530176,-1.6708856725790104,70.0,1,18.0
8.0,1.0610932643103739,1.1998347390456383,0.5336697527181521,-1.3065091657997776,70.0,1,16.0
8.0,1.0418859087150718,0.9381074261656509,0.5524478297041013,-1.8530739259686266,70.0,1,17.0
8.0,2.2615529890167667,2.4561258408695776,1.5993256216707683,-2.035262179358243,70.0,1,15.0
8.0,2.501644933958045,3.03192592920555,1.6145828092218522,-2.399638686137476,70.0,1,14.0
8.0,2.367193444790929,2.901062272765556,1.5652903571337355,-2.581826939527092,70.0,1,14.0
8.0,1.8870095549083725,2.246743990565588,1.0230733841644526,-2.581826939527092,70.0,1,15.0
8.0,1.406825665025815,1.4615620519256256,0.7402285995635932,-2.764015192916708,70.0,1,14.0
8.0,1.9830463328848835,1.1998347390456383,0.9186203309301105,-2.2174504327478592,70.0,1,15.0
8.0,2.5112486117556965,3.1627895856455437,0.12642020808537907,-2.035262179358243,70.0,1,14.0
6.0,0.05270709555700415,-0.1873200192182945,-0.23975229314063,-0.031191392072463006,70.0,1,18.0
6.0,0.06231077335465535,-0.5013927946742794,-0.4592210679139111,0.1509968613171532,70.0,1,21.0
4.0,-0.9268680398034123,-0.42287460081028316,-0.9955698918250847,-0.3955678988516958,70.0,3,27.0
4.0,-0.9268680398034123,-1.52212931490623,-1.341790686253523,1.7906911418237004,70.0,2,26.0
4.0,-0.8020202284339474,-0.44904733209828185,-0.3594625339260561,0.6975616214860023,70.0,2,25.0
4.0,-0.8308312618269008,-0.3705291382342856,-0.6434809483385375,-0.3955678988516958,70.0,2,24.0
4.0,-0.8596422952198542,-0.23966548179429203,-0.7080305879777379,0.6975616214860023,70.0,2,25.0
8.0,1.598899220978838,2.901062272765556,1.920900190055148,-0.5777561522413122,70.0,1,10.0
8.0,1.0899042977033273,2.508471303445575,1.6404026650775323,-0.21337964546207938,70.0,1,10.0
8.0,1.19554475347749,2.7701986163255623,1.647444443947263,-0.7599444056309286,70.0,1,11.0
8.0,1.0610932643103739,2.325262184429584,2.0582148780149017,1.061938128265235,70.0,1,9.0
4.0,-0.9268680398034123,-0.42287460081028316,-0.9955698918250847,-0.3955678988516958,71.0,3,27.0
4.0,-0.5139098945044132,-0.3705291382342856,-0.8383034970677603,-0.031191392072463006,71.0,1,28.0
4.0,-0.773209195040994,-0.23966548179429203,-0.880554170286146,-0.5777561522413122,71.0,3,25.0
6.0,0.3696284628794918,-0.1088018253542983,-0.40406046676768537,-0.942132659020545,71.0,1,19.0
6.0,0.3024027182959339,0.02206183108569523,0.5407115315878831,-0.031191392072463006,71.0,1,16.0
6.0,0.5424946632372124,-0.1088018253542983,0.4116122523094824,-0.031191392072463006,71.0,1,17.0
6.0,0.3696284628794918,-0.1088018253542983,0.3634934300329876,-0.031191392072463006,71.0,1,18.0
8.0,1.5028624430023265,1.5924257083656195,1.4444064865366877,-1.3065091657997776,71.0,1,14.0
8.0,1.9830463328848835,1.8541530212456068,1.7436820885002526,-1.488697419189394,71.0,1,14.0
8.0,1.5124661207999777,1.2783529329096346,1.3798568468974872,-0.7599444056309286,71.0,1,14.0
8.0,1.19554475347749,1.1998347390456383,1.3117863178234217,-0.942132659020545,71.0,1,14.0
8.0,1.819783810324814,1.9850166776856004,2.3199343260065683,-1.488697419189394,71.0,1,12.0
8.0,1.9830463328848835,1.7232893648056133,2.074645695377608,-1.3065091657997776,71.0,1,13.0
8.0,1.9830463328848835,1.8541530212456068,2.5370558411566058,-1.3065091657997776,71.0,1,13.0
6.0,0.6193240856184214,0.15292548752568894,-0.019109888555727008,-0.7599444056309286,71.0,1,18.0
6.0,0.5424946632372124,-0.1088018253542983,0.3564516511632566,-0.21337964546207938,71.0,1,19.0
6.0,0.5424946632372124,-0.42287460081028316,0.18862258810133578,-0.3955678988516958,71.0,1,18.0
4.0,-0.7443981616480404,-0.3705291382342856,-1.0037853005064377,-0.5777561522413122,71.0,2,28.0
4.0,-1.0997342401611325,-0.8939837639942605,-1.0612931612759071,1.4263146350444678,71.0,2,30.0
4.0,-1.0133011399822724,-0.7369473762662679,-1.0718558295805034,-0.3955678988516958,71.0,2,30.0
4.0,-1.176563662542342,-1.024847420434254,-1.414555734574076,1.2441263816548513,71.0,3,31.0
4.0,-1.1669599847446905,-0.9201564952822592,-1.602336504433568,0.8797498748756186,71.0,3,35.0
4.0,-0.9268680398034123,-1.1557110768742473,-1.3429643160651448,1.2441263816548513,71.0,2,27.0
4.0,-0.984490106589319,-0.8939837639942605,-1.200955108858904,1.7906911418237004,71.0,1,26.0
4.0,-0.773209195040994,-0.23966548179429203,-0.8218726797050548,-0.031191392072463006,72.0,3,24.0
4.0,-0.9220662009045866,-0.6322564511142731,-1.0002644110715722,0.515373368096386,72.0,1,25.0
4.0,-0.9268680398034123,-1.3127474646022401,-0.8500397951839785,2.8838206621613987,72.0,2,23.0
4.0,-0.5139098945044132,-0.3705291382342856,-0.6693008041942177,1.4263146350444678,72.0,1,20.0
4.0,-0.6867760948621336,-0.47522006338628064,-0.8829014299093897,0.3331851147067696,72.0,1,21.0
8.0,1.5028624430023265,1.5924257083656195,1.520692424292106,-1.3065091657997776,72.0,1,13.0
8.0,1.9830463328848835,1.8541530212456068,1.6509653333821286,-1.3065091657997776,72.0,1,14.0
8.0,1.19554475347749,1.1998347390456383,1.3575578804766726,-0.7599444056309286,72.0,1,15.0
8.0,1.5124661207999777,1.2783529329096346,1.3505161016069416,-0.942132659020545,72.0,1,14.0
8.0,1.0610932643103739,1.1998347390456383,0.8141672776957681,-1.488697419189394,72.0,1,17.0
8.0,2.2615529890167667,2.717853153749565,1.942025526664341,-1.6708856725790104,72.0,1,11.0
8.0,1.5028624430023265,1.3306983954856317,1.788280021341882,-0.7599444056309286,72.0,1,13.0
8.0,1.5028624430023265,1.4615620519256256,1.7342930500072782,-0.7599444056309286,72.0,1,12.0
8.0,1.9830463328848835,2.246743990565588,1.694389636412136,-1.1243209124101612,72.0,1,13.0
3.0,-1.1861673403399928,-0.1873200192182945,-0.7608439295007199,-0.7599444056309286,72.0,3,19.0
8.0,1.0610932643103739,1.1998347390456383,1.0723658362525692,-1.1243209124101612,72.0,1,15.0
8.0,1.0899042977033273,0.6763801132856636,1.3141335774466651,-0.5777561522413122,72.0,1,13.0
8.0,1.0418859087150718,0.9381074261656509,1.5441650205245423,0.1509968613171532,72.0,1,13.0
8.0,1.19554475347749,1.1998347390456383,1.2894873514026068,-0.5777561522413122,72.0,1,14.0
4.0,-0.6963797726597848,0.20527095010168636,-0.05314515309275991,-0.3955678988516958,72.0,2,18.0
4.0,-0.6963797726597848,-0.7369473762662679,-0.5484169335971698,0.8797498748756186,72.0,2,22.0
4.0,-0.7059834504574359,-0.44904733209828185,0.000841818241843893,1.4263146350444678,72.0,2,21.0
4.0,-0.9364717176010634,-0.9201564952822592,-0.9263257329393971,0.8797498748756186,72.0,2,26.0
4.0,-0.6867760948621336,-0.47522006338628064,-0.6845579917453014,0.1509968613171532,72.0,1,22.0
4.0,-0.9268680398034123,-0.3181836756582882,-0.8101363815888366,0.515373368096386,72.0,3,28.0
4.0,-0.7059834504574359,-0.1873200192182945,-0.5542850826552789,-0.3955678988516958,72.0,3,23.0
4.0,-0.917264362005761,-0.6322564511142731,-0.9556664782299427,-0.21337964546207938,72.0,1,28.0
4.0,-0.9268680398034123,-0.42287460081028316,-1.0307787861737396,0.3331851147067696,72.0,3,27.0
8.0,1.5028624430023265,1.8541530212456068,1.3164808370699088,-0.942132659020545,73.0,1,13.0
8.0,1.0610932643103739,1.1998347390456383,0.8141672776957681,-1.488697419189394,73.0,1,14.0
8.0,1.5028624430023265,1.0689710826056447,1.1850342981682644,-0.942132659020545,73.0,1,13.0
8.0,1.0418859087150718,0.8595892323016547,1.2484103079958428,-0.3955678988516958,73.0,1,14.0
8.0,1.19554475347749,1.1998347390456383,0.9373984079160597,-1.1243209124101612,73.0,1,15.0
8.0,2.2615529890167667,2.4561258408695776,2.316413436571703,-1.488697419189394,73.0,1,12.0
8.0,1.9830463328848835,1.1998347390456383,1.7436820885002526,-1.3065091657997776,73.0,1,13.0
8.0,1.5124661207999777,1.4092165893496282,1.6251454775264484,-0.942132659020545,73.0,1,13.0
8.0,1.19554475347749,1.1998347390456383,1.4772681212620986,-0.3955678988516958,73.0,1,14.0
8.0,2.367193444790929,2.901062272765556,2.061735767449767,-1.6708856725790104,73.0,1,13.0
8.0,2.5112486117556965,3.1627895856455437,2.315239806760081,-1.6708856725790104,73.0,1,12.0
8.0,1.598899220978838,1.8541530212456068,0.9890381196274199,-1.6708856725790104,73.0,1,13.0
6.0,0.3024027182959339,0.02206183108569523,0.1674972514921429,0.3331851147067696,73.0,1,18.0
6.0,0.5424946632372124,-0.1088018253542983,0.3517571319167694,0.8797498748756186,73.0,1,16.0
6.0,0.3696284628794918,-0.1088018253542983,-0.039061595353298006,0.1509968613171532,73.0,1,18.0
6.0,0.5424946632372124,-0.42287460081028316,0.05013427032996049,0.3331851147067696,73.0,1,18.0
6.0,0.043103417759353044,-0.23966548179429203,-0.0871804176297928,0.1509968613171532,73.0,1,23.0
4.0,-0.9268680398034123,-1.52212931490623,-1.2068232579170133,1.9728793952133168,73.0,2,26.0
8.0,1.9830463328848835,1.1998347390456383,2.369226778094685,-0.5777561522413122,73.0,1,11.0
8.0,1.9830463328848835,1.644771170941617,2.262426465237099,-1.1243209124101612,73.0,1,12.0
8.0,1.598899220978838,1.7232893648056133,1.9666717527083992,-0.942132659020545,73.0,1,13.0
8.0,1.5028624430023265,1.9850166776856004,1.7847591319070166,-1.1243209124101612,73.0,1,12.0
6.0,0.3696284628794918,-0.1088018253542983,-0.2221478459663026,-0.21337964546207938,73.0,1,18.0
4.0,-0.9268680398034123,-0.42287460081028316,-0.820699049893433,1.2441263816548513,73.0,3,20.0
4.0,-0.5139098945044132,-0.841638301418263,-0.6775162128755704,1.4263146350444678,73.0,1,21.0
4.0,-0.8212275840292497,-0.2658382130822907,-0.7033360687312505,0.3331851147067696,73.0,3,22.0
3.0,-1.1861673403399928,-0.3705291382342856,-1.0026116706948158,-0.7599444056309286,73.0,3,18.0
4.0,-0.6867760948621336,-0.5013927946742794,-0.7843165257331565,1.061938128265235,73.0,1,19.0
6.0,-0.3698547275396459,0.07440729366169274,-0.5941884962504209,-0.5777561522413122,73.0,1,21.0
4.0,-0.917264362005761,-0.3705291382342856,-0.8371298672561385,-0.031191392072463006,73.0,2,26.0
8.0,1.5028624430023265,1.0689710826056447,1.2953555004607158,-0.942132659020545,73.0,1,15.0
8.0,1.9830463328848835,3.2936532420855373,1.5253869435385934,-2.2174504327478592,73.0,1,16.0
4.0,-1.2053746959352951,-1.4436111210422333,-1.304234532281625,1.4263146350444678,73.0,2,29.0
4.0,-0.7443981616480404,-0.7631201075542668,-0.9627082570996737,-0.031191392072463006,73.0,2,24.0
4.0,-0.7636055172433428,-0.3443564069462869,-0.46508921697202027,-0.5777561522413122,73.0,2,20.0
4.0,-0.6963797726597848,0.20527095010168636,-0.12943109084817853,-0.031191392072463006,73.0,2,19.0
8.0,1.19554475347749,1.1998347390456383,0.4937663391230101,-1.6708856725790104,73.0,1,15.0
4.0,-0.6963797726597848,0.15292548752568894,-0.3735460916655179,-0.5777561522413122,73.0,2,24.0
6.0,-0.3602510497419948,0.46699826298167374,-0.20102250935710983,-0.7599444056309286,73.0,3,20.0
8.0,1.5028624430023265,1.9850166776856004,0.8047782392027935,-1.6708856725790104,73.0,1,11.0
6.0,0.043103417759353044,-0.23966548179429203,0.1451982850713283,0.3331851147067696,74.0,1,20.0
6.0,0.3696284628794918,-0.1088018253542983,-0.0907013070646583,0.1509968613171532,74.0,1,19.0
6.0,0.5424946632372124,-0.1088018253542983,0.4198276609908351,0.515373368096386,74.0,1,15.0
4.0,-1.0997342401611325,-0.9725019578582568,-1.2068232579170133,1.2441263816548513,74.0,3,31.0
4.0,-0.6867760948621336,-0.6322564511142731,-0.6188347222944792,0.3331851147067696,74.0,1,26.0
4.0,-1.176563662542342,-1.024847420434254,-1.340617056441901,1.9728793952133168,74.0,3,32.0
4.0,-0.5139098945044132,-0.7631201075542668,-0.5120344094368933,0.515373368096386,74.0,1,25.0
6.0,0.5424946632372124,-0.1088018253542983,0.9420929271625469,0.515373368096386,74.0,1,16.0
6.0,0.6193240856184214,0.15292548752568894,0.7672220852308951,0.8797498748756186,74.0,1,16.0
6.0,0.3024027182959339,0.02206183108569523,0.7449231188100804,0.3331851147067696,74.0,1,18.0
8.0,1.0418859087150718,0.9381074261656509,1.3645996593464036,-0.5777561522413122,74.0,1,16.0
8.0,1.5028624430023265,1.1998347390456383,2.0194850942313813,-0.3955678988516958,74.0,1,13.0
8.0,1.19554475347749,1.1998347390456383,1.7354666798189,-0.7599444056309286,74.0,1,14.0
8.0,1.0418859087150718,0.9381074261656509,1.94789367572245,0.1509968613171532,74.0,1,14.0
8.0,1.0610932643103739,1.1998347390456383,1.500740717494535,-0.031191392072463006,74.0,1,14.0
4.0,-0.917264362005761,-0.5537382572502769,-0.8911168385907424,0.3331851147067696,74.0,2,29.0
4.0,-1.0997342401611325,-0.9725019578582568,-1.1915660703659294,-0.031191392072463006,74.0,2,26.0
4.0,-0.9268680398034123,-0.6846019136902706,-0.7960528238493747,-0.3955678988516958,74.0,2,26.0
4.0,-1.1285452735540862,-1.3650929271782375,-1.5600858312151824,0.3331851147067696,74.0,3,31.0
4.0,-1.0613195289705282,-1.129538345586249,-1.1446208779010565,1.2441263816548513,74.0,3,32.0
4.0,-0.9940937843869703,-0.7631201075542668,-1.001438040883194,-0.3955678988516958,74.0,1,28.0
4.0,-0.9940937843869703,-0.7631201075542668,-1.021389747680765,-0.031191392072463006,74.0,2,24.0
4.0,-0.7443981616480404,-0.7631201075542668,-0.8594288336769532,-0.5777561522413122,74.0,2,26.0
4.0,-0.7059834504574359,-0.1873200192182945,-0.57423678945285,-0.21337964546207938,74.0,3,24.0
4.0,-0.8212275840292497,-0.2920109443702895,-0.6892525109917886,-0.031191392072463006,74.0,3,26.0
4.0,-1.0997342401611325,-0.9725019578582568,-1.148141767335922,0.1509968613171532,74.0,2,31.0
6.0,0.3024027182959339,-0.23966548179429203,0.3353263145540638,0.1509968613171532,75.0,1,19.0
6.0,0.5424946632372124,0.02206183108569523,0.5641841278203196,0.1509968613171532,75.0,1,18.0
6.0,0.5424946632372124,-0.841638301418263,0.5324961229065303,1.9728793952133168,75.0,1,15.0
6.0,0.5424946632372124,-0.841638301418263,0.2109215545221504,1.4263146350444678,75.0,1,15.0
8.0,1.9830463328848835,1.7232893648056133,1.983102570071105,-1.488697419189394,75.0,1,16.0
8.0,1.5028624430023265,1.0689710826056447,1.7155149730213288,-0.5777561522413122,75.0,1,15.0
8.0,1.19554475347749,1.1998347390456383,1.7835855020953948,-0.3955678988516958,75.0,1,16.0
8.0,1.5124661207999777,1.147489276469641,1.9701926421432647,-0.7599444056309286,75.0,1,14.0
6.0,0.3600247850818407,0.15292548752568894,1.0899702834268967,1.9728793952133168,75.0,1,17.0
6.0,0.5424946632372124,0.02206183108569523,1.0782339853106784,1.061938128265235,75.0,1,16.0
6.0,0.6193240856184214,0.15292548752568894,0.8822378067698339,1.2441263816548513,75.0,1,15.0
6.0,0.3024027182959339,-0.23966548179429203,0.9467874464090341,1.2441263816548513,75.0,1,18.0
6.0,0.3600247850818407,0.15292548752568894,0.0712596069391533,-0.21337964546207938,75.0,1,21.0
8.0,0.657738796809026,0.15292548752568894,0.2848602326543254,-0.7599444056309286,75.0,1,20.0
8.0,1.0418859087150718,0.6502073819976648,0.2238314824499905,-1.3065091657997776,75.0,1,13.0
4.0,-0.9268680398034123,-0.7631201075542668,-0.9474510695485899,0.1509968613171532,75.0,3,29.0
4.0,-0.5139098945044132,-0.5537382572502769,-0.3981923177095762,0.515373368096386,75.0,1,23.0
6.0,0.3696284628794918,-0.1088018253542983,-0.0754441195135746,0.1509968613171532,75.0,1,20.0
4.0,-0.5139098945044132,-0.6846019136902706,-0.453352918855802,1.061938128265235,75.0,1,23.0
4.0,-0.5715319612903199,-0.21349275050629324,-0.3242536395774013,-0.7599444056309286,75.0,3,24.0
4.0,-0.9940937843869703,-0.8678110327062617,-0.8864223193442551,0.3331851147067696,75.0,2,25.0
4.0,-0.715587128255087,-0.1873200192182945,-0.5085135200020278,0.515373368096386,75.0,3,24.0
6.0,-0.21619588277722773,-0.1873200192182945,0.006709967299952993,-0.3955678988516958,75.0,1,18.0
4.0,-0.9940937843869703,-0.8939837639942605,-1.222080445468097,-0.5777561522413122,75.0,2,29.0
6.0,0.3696284628794918,-0.3705291382342856,0.2731239345381071,0.515373368096386,75.0,1,19.0
4.0,-0.7540018394456917,-0.23966548179429203,-0.3336426780703759,-0.21337964546207938,75.0,2,23.0
4.0,-0.7059834504574359,-0.42287460081028316,-0.024978037613836105,0.515373368096386,75.0,2,23.0
4.0,-0.6963797726597848,-0.1611472879302958,-0.039061595353298006,-0.3955678988516958,75.0,2,22.0
4.0,-0.6963797726597848,0.2837891439656826,-0.3606361637376779,-0.7599444056309286,75.0,2,25.0
4.0,-0.984490106589319,-1.3389201958902388,-1.388735878718396,0.6975616214860023,75.0,3,33.0
4.0,-0.8308312618269008,-0.47522006338628064,-0.6035775347433955,-0.031191392072463006,76.0,2,28.0
4.0,-0.7443981616480404,-0.6060837198262743,-0.8899432087791206,0.4789357174184622,76.0,2,25.0
4.0,-0.5139098945044132,-0.3181836756582882,-0.4768255150882385,-0.2498172961400026,76.0,1,25.0
4.0,-0.917264362005761,-0.6584291824022718,-0.8488661653723567,0.7704369228418486,76.0,1,26.0
4.0,-0.8884533286128077,-0.5537382572502769,-0.9110685453883135,-0.1040666934283093,76.0,2,27.0
8.0,1.070696942108025,0.9381074261656509,1.4514482654064185,-0.942132659020545,76.0,1,17.5
8.0,1.19554475347749,1.1998347390456383,1.4221075201158728,-0.942132659020545,76.0,1,16.0
8.0,1.0610932643103739,0.41465280040567637,1.154519923066097,-0.6141938029192353,76.0,1,15.5
8.0,1.5124661207999777,1.252180201621636,1.4514482654064185,-1.0150079603763913,76.0,1,14.5
6.0,0.3024027182959339,-0.1088018253542983,0.2989437903937872,-0.06762904275038621,76.0,1,22.0
6.0,0.5424946632372124,0.02206183108569523,0.4397793677884062,-0.3955678988516958,76.0,1,22.0
6.0,0.06231077335465535,-0.6060837198262743,0.03957160202536409,0.7339992721639261,76.0,1,24.0
6.0,0.3696284628794918,-0.3705291382342856,0.1252465782737573,0.7339992721639261,76.0,1,22.5
4.0,-1.0421121733752259,-1.3650929271782375,-1.1070647239291582,2.410131203348396,76.0,1,29.0
4.0,-0.917264362005761,-1.1557110768742473,-0.9556664782299427,2.3736935526704737,76.0,1,24.5
4.0,-0.9940937843869703,-0.8939837639942605,-1.222080445468097,-0.5048808508854659,76.0,2,29.0
4.0,-0.984490106589319,-1.3389201958902388,-1.388735878718396,0.6611239708080785,76.0,3,33.0
6.0,0.3024027182959339,-0.1088018253542983,0.7895210516517098,0.7704369228418486,76.0,1,20.0
6.0,0.5424946632372124,-0.6846019136902706,0.6991515561568293,1.9728793952133168,76.0,1,18.0
6.0,0.5424946632372124,0.15292548752568894,0.7824792727819788,0.2238721626729995,76.0,1,18.5
6.0,0.6193240856184214,-0.23966548179429203,0.2519985979289143,0.8068745735197724,76.0,1,17.5
4.0,-0.9268680398034123,-0.8678110327062617,-1.3535269843697413,-1.2336338644439313,76.0,2,29.5
4.0,-1.0421121733752259,-0.8939837639942605,-1.1598780654521403,0.515373368096386,76.0,3,32.0
4.0,-0.9268680398034123,-0.7631201075542668,-0.9662291465345391,0.2967474640288458,76.0,3,28.0
4.0,-0.5139098945044132,-0.841638301418263,-0.4850409237695912,-0.7235067549530054,76.0,1,26.5
4.0,-0.6099466724809245,-0.05645636277830089,0.2015325160291758,0.0416839092833831,76.0,2,20.0
8.0,1.19554475347749,1.1998347390456383,1.1287000672104168,-0.8692573576646986,76.0,1,13.0
4.0,-0.7059834504574359,-0.42287460081028316,0.3423680934237947,2.300818251314626,76.0,2,19.0
6.0,-0.3602510497419948,0.10058002494969145,-0.05666604252762541,-0.031191392072463006,76.0,3,19.0
6.0,-0.24500691617018114,0.41465280040567637,0.9878644898157981,0.4060604160626159,76.0,2,16.5
8.0,1.5028624430023265,1.9850166776856004,1.6450971843240194,-1.2700715151218545,76.0,1,16.5
8.0,1.5028624430023265,1.0689710826056447,1.2636674955469267,-1.3065091657997776,76.0,1,13.0
8.0,1.0418859087150718,0.6763801132856636,1.046545980396889,-0.21337964546207938,76.0,1,13.0
8.0,1.19554475347749,1.1998347390456383,0.9115785520603795,-0.5777561522413122,76.0,1,13.0
4.0,-0.917264362005761,-0.946329226570258,-1.09532842581294,1.061938128265235,77.0,3,31.5
4.0,-0.7924165506362962,-0.6322564511142731,-0.9662291465345391,-0.28625494681792574,77.0,1,30.0
4.0,-1.0997342401611325,-1.2080565394502452,-1.3535269843697413,1.0983757789431587,77.0,2,36.0
4.0,-0.6867760948621336,-0.21349275050629324,-0.7960528238493747,-0.031191392072463006,77.0,1,25.5
4.0,-1.0421121733752259,-0.8939837639942605,-1.2126914069751225,0.44249806674053965,77.0,3,33.5
8.0,1.070696942108025,1.0689710826056447,1.0582822785131074,-1.1243209124101612,77.0,1,17.5
8.0,0.6385314412137237,0.15292548752568894,1.2695356446050357,1.2441263816548513,77.0,1,17.0
8.0,1.19554475347749,1.0689710826056447,1.3634260295347818,-0.6870691042750823,77.0,1,15.5
8.0,1.0418859087150718,0.6763801132856636,1.5453386503361644,-0.2498172961400026,77.0,1,15.0
6.0,0.5424946632372124,0.15292548752568894,0.6357755463292508,0.2967474640288458,77.0,1,17.5
6.0,0.3600247850818407,0.02206183108569523,0.5242807142251775,0.4789357174184622,77.0,1,20.5
6.0,0.3024027182959339,-0.1088018253542983,0.7648748256076515,0.7704369228418486,77.0,1,19.0
6.0,0.5424946632372124,-0.1611472879302958,0.64164369538736,1.2441263816548513,77.0,1,18.5
8.0,1.9830463328848835,1.9850166776856004,1.4573164144645276,-1.6344480219010873,77.0,1,16.0
8.0,1.5028624430023265,1.7232893648056133,1.3927667748253272,-1.5251350698673172,77.0,1,15.5
8.0,1.9830463328848835,2.246743990565588,1.5805475446848192,-1.2336338644439313,77.0,1,15.5
8.0,1.5124661207999777,1.1736620077576396,1.5922838428010373,-0.3955678988516958,77.0,1,16.0
4.0,-0.9268680398034123,-0.6846019136902706,-1.2185595560332314,-0.3955678988516958,77.0,2,29.0
4.0,-0.40826943873025046,-0.42287460081028316,-0.279655706735772,0.1509968613171532,77.0,1,24.5
4.0,-0.9268680398034123,-0.7631201075542668,-0.8371298672561385,0.952625176231465,77.0,3,26.0
4.0,-0.5139098945044132,-0.3967018695222845,-0.2620512595614446,0.07812155996130689,77.0,1,25.5
4.0,-0.917264362005761,-1.0771928830102515,-1.088286646943209,0.515373368096386,77.0,1,30.5
4.0,-0.917264362005761,-0.5537382572502769,-1.0601195314642853,0.1145592106392301,77.0,1,33.5
4.0,-0.9268680398034123,-0.9725019578582568,-1.1657462145102493,0.2967474640288458,77.0,3,30.0
4.0,-0.9268680398034123,-0.6846019136902706,-0.9251521031277753,-0.541318501563389,77.0,2,30.5
6.0,-0.45628782771850623,-0.1873200192182945,-0.1916334708641352,-0.3955678988516958,77.0,3,22.0
4.0,-0.6963797726597848,0.15292548752568894,-0.4439638803628274,-1.0150079603763913,77.0,2,21.5
3.0,-1.0901305623634816,0.15292548752568894,-0.3031283029682085,-0.7599444056309286,77.0,3,21.5
4.0,-0.9940937843869703,-1.4697838523302325,-1.1657462145102493,2.155067648602933,78.0,2,43.1
4.0,-0.917264362005761,-0.9986746891462553,-1.382867729660287,-0.43200554952961895,78.0,1,36.1
4.0,-1.109337917958784,-1.3650929271782375,-1.1657462145102493,1.389876984366544,78.0,3,32.8
4.0,-1.0421121733752259,-0.8939837639942605,-1.0659876805223942,1.0983757789431587,78.0,3,39.4
4.0,-0.984490106589319,-1.1557110768742473,-1.382867729660287,0.2967474640288458,78.0,3,36.1
8.0,0.6385314412137237,0.15292548752568894,0.453862925527868,-0.031191392072463006,78.0,1,19.9
8.0,1.19554475347749,0.9381074261656509,0.888105955827943,-0.8692573576646986,78.0,1,19.4
8.0,1.0418859087150718,0.9119346948776521,0.694457036910342,-1.0150079603763913,78.0,1,20.2
6.0,0.3600247850818407,0.02206183108569523,0.6533799935035782,1.3170016830106979,78.0,1,19.2
6.0,0.06231077335465535,-0.23966548179429203,0.20740066508728489,0.952625176231465,78.0,1,20.5
6.0,0.06231077335465535,-0.5013927946742794,-0.015588999120861606,0.07812155996130689,78.0,1,20.2
4.0,-0.5139098945044132,-0.42287460081028316,-0.3031283029682085,-0.06762904275038621,78.0,1,25.1
6.0,0.3024027182959339,-0.1088018253542983,0.5301488632832867,0.5882486694522322,78.0,1,20.5
6.0,0.3696284628794918,-0.3705291382342856,0.2719503047264853,0.5882486694522322,78.0,1,19.4
6.0,0.3600247850818407,0.02206183108569523,0.4714673727021954,0.07812155996130689,78.0,1,20.6
6.0,0.06231077335465535,-0.5013927946742794,0.1076421310994299,0.4060604160626159,78.0,1,20.8
6.0,0.3024027182959339,0.15292548752568894,0.7531385274914333,1.1348134296210812,78.0,1,18.6
6.0,0.6193240856184214,0.41465280040567637,0.5066762670508501,-0.1769419947841563,78.0,1,18.1
8.0,1.070696942108025,1.0689710826056447,0.5242807142251775,-0.8692573576646986,78.0,1,19.2
6.0,0.3600247850818407,1.5924257083656195,0.547753310457614,-0.7963820563088517,78.0,1,17.7
8.0,1.0418859087150718,0.9119346948776521,0.26608215566837623,-1.5980103712231641,78.0,1,18.1
8.0,1.19554475347749,0.9381074261656509,1.2930082408374723,-0.6870691042750823,78.0,1,17.5
4.0,-0.917264362005761,-0.946329226570258,-0.9662291465345391,0.3331851147067696,78.0,1,30.0
4.0,-0.5715319612903199,-0.23966548179429203,-0.4909090728277003,-0.5048808508854659,78.0,3,27.5
4.0,-0.715587128255087,-0.1873200192182945,-0.7960528238493747,-0.3226925974958495,78.0,3,27.2
4.0,-0.8500386174222031,-0.7631201075542668,-0.8782069106629024,-0.3955678988516958,78.0,1,30.9
4.0,-0.5715319612903199,-0.23966548179429203,-0.5437224143506825,-0.28625494681792574,78.0,3,21.1
4.0,-0.3602510497419948,0.02206183108569523,-0.2737875576776629,0.4060604160626159,78.0,1,23.2
4.0,-0.40826943873025046,-0.5013927946742794,-0.1446882783992622,0.7339992721639261,78.0,1,23.8
4.0,-0.715587128255087,-0.1873200192182945,-0.6728216936290832,-0.2498172961400026,78.0,3,23.9
5.0,-0.6003429946832733,-0.03028363149030208,-0.17402902368980783,0.1145592106392301,78.0,2,20.3
6.0,-0.2930253051584368,0.54551645684567,0.1897962179129576,-0.7235067549530054,78.0,2,17.0
4.0,-0.6963797726597848,0.2837891439656826,-0.2151060670965717,0.0416839092833831,78.0,2,21.6
6.0,-0.2930253051584368,0.7548983071496599,0.5066762670508501,0.07812155996130689,78.0,2,16.2
4.0,-1.0036974621846213,-0.8678110327062617,-1.1598780654521403,-0.2498172961400026,78.0,2,31.5
4.0,-0.917264362005761,-0.946329226570258,-0.9897017427669756,0.36962276538469335,78.0,3,29.5
6.0,0.3600247850818407,0.2837891439656826,0.3130273481332491,-0.06762904275038621,79.0,1,21.5
6.0,0.06231077335465535,-0.5013927946742794,0.013751746169683993,0.952625176231465,79.0,1,19.8
4.0,-0.5139098945044132,-0.42287460081028316,-0.1036112349924984,0.624686320130156,79.0,1,22.3
6.0,0.3696284628794918,-0.3705291382342856,0.3364999443656856,0.952625176231465,79.0,1,20.2
6.0,0.3024027182959339,0.15292548752568894,0.44799477646975894,0.36962276538469335,79.0,1,20.6
8.0,1.070696942108025,0.6763801132856636,1.0113370860482345,-0.06762904275038621,79.0,1,17.0
8.0,1.0418859087150718,0.6502073819976648,0.8763696577117248,-0.7963820563088517,79.0,1,17.6
8.0,1.5124661207999777,0.8857619635896535,1.146304514384744,-0.8692573576646986,79.0,1,16.5
8.0,1.19554475347749,0.8072437697256574,0.9996007879320163,-0.14050434410623308,79.0,1,18.2
8.0,1.5028624430023265,1.3306983954856317,1.621624588091583,-0.2498172961400026,79.0,1,16.9
8.0,1.5124661207999777,0.9904528887416485,1.2624938657353049,-0.4684432002075421,79.0,1,15.5
8.0,0.7057571857972817,0.54551645684567,0.7355340803171059,-0.21337964546207938,79.0,1,19.2
8.0,1.598899220978838,1.1998347390456383,1.1287000672104168,-0.942132659020545,79.0,1,18.5
4.0,-1.0036974621846213,-0.8678110327062617,-1.236164003207559,-0.5777561522413122,79.0,2,31.9
4.0,-1.0325084955775745,-1.024847420434254,-1.1774825126264676,-0.14050434410623308,79.0,3,34.1
4.0,-0.917264362005761,-0.6322564511142731,-1.247900301323777,-0.43200554952961895,79.0,1,35.7
4.0,-0.6963797726597848,-0.6322564511142731,-0.3618097935492997,-0.21337964546207938,79.0,1,27.4
5.0,-0.10095174920541398,-0.7107746449782693,0.647511844445469,1.644940539112008,79.0,2,25.4
8.0,1.5028624430023265,0.54551645684567,1.081754874745544,0.6611239708080785,79.0,1,23.0
4.0,-0.504306216706762,-0.8678110327062617,0.2484777084940488,3.3575101209744016,79.0,2,27.2
8.0,0.6385314412137237,-0.3705291382342856,0.5184125651670684,2.410131203348396,79.0,1,23.9
4.0,-0.8500386174222031,-0.8939837639942605,-0.9134158050115571,-0.8692573576646986,79.0,1,34.2
4.0,-0.8500386174222031,-0.8939837639942605,-0.9720972955926482,-0.2498172961400026,79.0,1,34.5
4.0,-1.0421121733752259,-1.024847420434254,-1.1246691711034855,1.3170016830106979,79.0,3,31.8
4.0,-0.984490106589319,-0.9201564952822592,-0.9955698918250847,-0.3226925974958495,79.0,2,37.3
4.0,-0.40826943873025046,-0.3705291382342856,-0.3618097935492997,0.1509968613171532,79.0,1,28.4
6.0,-0.19698852718192542,0.2837891439656826,-0.4498320294209365,-1.5615727205452403,79.0,1,28.8
6.0,-0.19698852718192542,0.2837891439656826,-0.326600899200645,-0.978570309698468,79.0,1,26.8
4.0,-0.40826943873025046,-0.3705291382342856,-0.4956035920741877,-0.8692573576646986,79.0,1,33.5
4.0,-0.917264362005761,-0.7369473762662679,-0.9791390744623792,-0.3226925974958495,80.0,2,41.5
4.0,-1.0036974621846213,-1.1557110768742473,-1.1856979213078205,1.171251080299005,80.0,3,38.1
4.0,-0.917264362005761,-0.8939837639942605,-1.0073061899413032,-0.031191392072463006,80.0,1,32.1
4.0,-1.0325084955775745,-1.024847420434254,-1.1258428009151074,0.2967474640288458,80.0,3,37.2
4.0,-0.40826943873025046,-0.3705291382342856,-0.3524207550563251,0.3331851147067696,80.0,1,28.0
4.0,-0.5139098945044132,-0.42287460081028316,-0.1270838312249349,0.9161875255535425,80.0,1,26.4
4.0,-0.40826943873025046,-0.3705291382342856,0.029008933720767693,1.644940539112008,80.0,1,24.3
6.0,0.3024027182959339,-0.3705291382342856,0.4726410025138172,1.1348134296210812,80.0,1,19.1
4.0,-0.9268680398034123,-0.6846019136902706,-0.9274993627510191,0.07812155996130689,80.0,2,34.3
4.0,-0.5715319612903199,-0.3705291382342856,-0.3136909712728049,-0.031191392072463006,80.0,3,29.8
4.0,-0.7059834504574359,-0.7631201075542668,-0.5120344094368933,0.6975616214860023,80.0,3,31.3
4.0,-0.715587128255087,-0.3181836756582882,-0.6387864290920502,-0.21337964546207938,80.0,3,37.0
4.0,-0.8212275840292497,-0.7631201075542668,-0.8371298672561385,-0.14050434410623308,80.0,3,32.2
4.0,-1.0325084955775745,-1.024847420434254,-1.0190424880575213,0.8433122241976949,80.0,3,46.6
4.0,-0.3602510497419948,0.02206183108569523,-0.20923791803846262,-0.43200554952961895,80.0,1,27.9
4.0,-1.0421121733752259,-1.024847420434254,-1.0190424880575213,1.3170016830106979,80.0,3,40.8
4.0,-0.9940937843869703,-1.4697838523302325,-1.048383233348067,2.22794294995878,80.0,2,44.3
4.0,-0.9940937843869703,-1.4697838523302325,-0.7549757804426108,2.956695963517245,80.0,2,43.4
5.0,-0.6963797726597848,-0.9725019578582568,-0.03319344629518891,1.5720652377561604,80.0,2,36.4
4.0,-0.45628782771850623,-0.9725019578582568,0.3188954971913583,2.2643806006367035,80.0,2,30.0
4.0,-0.984490106589319,-0.9725019578582568,-1.3241862390791956,-0.6506314535971585,80.0,3,44.6
4.0,-0.9268680398034123,-0.9725019578582568,-0.9779654446507575,0.8797498748756186,80.0,3,33.8
4.0,-1.0036974621846213,-1.1033656142982502,-1.3300543881373048,-0.1040666934283093,80.0,2,29.8
6.0,-0.24500691617018114,0.728725575861661,-0.0801386387600619,-1.5251350698673172,80.0,3,32.7
3.0,-1.1861673403399928,-0.1088018253542983,-0.6552172464547558,-1.1243209124101612,80.0,3,23.7
4.0,-0.6867760948621336,-0.42287460081028316,-0.5613268615250099,-0.1769419947841563,80.0,2,35.0
4.0,-0.8308312618269008,-0.841638301418263,-0.8077891219655929,0.515373368096386,80.0,3,32.4
4.0,-0.5619282834926688,-0.5275655259622781,-0.5730631596412281,0.0416839092833831,81.0,1,27.2
4.0,-0.40826943873025046,-0.5275655259622781,-0.4028868369560636,0.2967474640288458,81.0,1,26.6
4.0,-0.3602510497419948,-0.3181836756582882,-0.4204912841303909,-0.43200554952961895,81.0,1,25.8
6.0,-0.19698852718192542,0.15292548752568894,-0.2972601539100994,-1.087883261732238,81.0,1,23.5
4.0,-0.5619282834926688,-0.5275655259622781,-0.6962942898615196,-0.978570309698468,81.0,1,30.0
4.0,-1.0997342401611325,-1.2080565394502452,-1.435681071183269,0.4789357174184622,81.0,3,39.1
4.0,-1.0325084955775745,-1.0510201517222528,-1.29484549378865,0.2967474640288458,81.0,1,39.0
4.0,-1.0805268845658305,-1.1557110768742473,-1.42981292212516,0.18743451199507702,81.0,3,35.1
4.0,-0.9268680398034123,-0.9725019578582568,-1.0718558295805034,0.8068745735197724,81.0,3,32.3
4.0,-1.0421121733752259,-1.024847420434254,-1.1774825126264676,1.389876984366544,81.0,3,37.0
4.0,-1.0036974621846213,-1.1033656142982502,-1.0894602767548307,0.624686320130156,81.0,3,37.7
4.0,-0.984490106589319,-0.946329226570258,-1.1657462145102493,0.1509968613171532,81.0,3,34.1
4.0,-0.8500386174222031,-1.0771928830102515,-0.8958113578372298,-0.2498172961400026,81.0,1,34.7
4.0,-0.917264362005761,-1.024847420434254,-1.09532842581294,0.2238721626729995,81.0,1,34.4
4.0,-0.917264362005761,-1.024847420434254,-0.7021624389196287,1.8635664431795467,81.0,1,29.9
4.0,-0.8500386174222031,-0.7892928388422655,-0.9251521031277753,-0.5048808508854659,81.0,2,33.0
4.0,-0.8308312618269008,-0.7631201075542668,-0.9016795068953387,-0.43200554952961895,81.0,3,33.7
4.0,-0.8212275840292497,-0.7631201075542668,-0.7373713332682834,0.44249806674053965,81.0,3,32.4
4.0,-0.715587128255087,-0.1088018253542983,-0.4263594331885,-0.28625494681792574,81.0,3,32.9
4.0,-0.7059834504574359,-0.7892928388422655,-0.4028868369560636,0.9890628269093887,81.0,3,31.6
4.0,-0.504306216706762,-0.6322564511142731,0.2954229009589218,1.7542534911457768,81.0,2,28.1
6.0,-0.4658915055161574,-0.7369473762662679,0.2132688141453941,1.4627522857223916,81.0,2,30.7
6.0,-0.24500691617018114,0.3099618752536813,-0.09187493687628011,-1.087883261732238,81.0,3,25.4
6.0,-0.45628782771850623,0.41465280040567637,-0.05666604252762541,-0.6506314535971585,81.0,3,24.2
6.0,0.3600247850818407,0.15292548752568894,0.5125444161089593,0.07812155996130689,81.0,1,22.4
8.0,1.5028624430023265,0.02206183108569523,0.8763696577117248,1.2441263816548513,81.0,1,26.6
6.0,0.06231077335465535,-0.42287460081028316,0.09590583298321159,0.5518110187743097,81.0,1,20.2
6.0,0.3024027182959339,-0.5013927946742794,0.5712259066900505,0.36962276538469335,81.0,1,17.6
4.0,-0.7828128728386451,-0.42287460081028316,-0.4380957313047183,1.4627522857223916,82.0,1,28.0
4.0,-0.7828128728386451,-0.42287460081028316,-0.39701868789795447,1.0983757789431587,82.0,1,27.0
4.0,-0.7828128728386451,-0.42287460081028316,-0.6845579917453014,0.8797498748756186,82.0,1,34.0
4.0,-0.7828128728386451,-0.5013927946742794,-0.473304625653373,0.2238721626729995,82.0,1,31.0
4.0,-0.5619282834926688,-0.5275655259622781,-0.5319861162344642,0.1509968613171532,82.0,1,29.0
4.0,-0.40826943873025046,-0.3705291382342856,-0.2855238557938812,0.8797498748756186,82.0,1,27.0
4.0,-0.5139098945044132,-0.3181836756582882,-0.13295198028304403,0.2967474640288458,82.0,1,24.0
4.0,-0.8500386174222031,-0.7892928388422655,-1.1716143635683585,-0.1040666934283093,82.0,2,36.0
4.0,-0.984490106589319,-0.946329226570258,-1.1188010220453763,0.952625176231465,82.0,3,37.0
4.0,-0.984490106589319,-0.946329226570258,-1.1833506616845768,0.7339992721639261,82.0,3,31.0
4.0,-0.8500386174222031,-1.0771928830102515,-1.001438040883194,-0.3226925974958495,82.0,1,38.0
4.0,-0.917264362005761,-0.8939837639942605,-1.001438040883194,0.624686320130156,82.0,1,36.0
4.0,-0.7059834504574359,-0.42287460081028316,-0.9603609974764299,-0.3955678988516958,82.0,3,36.0
4.0,-0.8308312618269008,-0.7631201075542668,-0.9075476559534479,-0.3955678988516958,82.0,3,36.0
4.0,-0.8212275840292497,-0.8939837639942605,-0.8606024634885749,0.4789357174184622,82.0,3,34.0
4.0,-0.984490106589319,-0.9725019578582568,-1.1892188107426858,-0.21337964546207938,82.0,3,38.0
4.0,-0.984490106589319,-0.9725019578582568,-1.1892188107426858,0.0416839092833831,82.0,3,32.0
4.0,-0.984490106589319,-0.9725019578582568,-1.1540099163940312,0.2238721626729995,82.0,3,38.0
6.0,-0.12015910480071629,0.15292548752568894,-0.039061595353298006,0.2967474640288458,82.0,1,25.0
6.0,0.657738796809026,-0.5013927946742794,0.04309249146022959,0.515373368096386,82.0,1,38.0
4.0,-0.3602510497419948,-0.3181836756582882,-0.46156832753715477,-0.3955678988516958,82.0,1,26.0
6.0,0.3696284628794918,0.20527095010168636,-0.1681608746316987,-0.3226925974958495,82.0,1,22.0
4.0,-0.47549518331380847,-0.21349275050629324,-0.36767794260740877,-0.6141938029192353,82.0,3,32.0
4.0,-0.5619282834926688,-0.5275655259622781,-0.7138987370358469,-0.942132659020545,82.0,1,36.0
4.0,-0.40826943873025046,-0.3705291382342856,-0.03319344629518891,0.624686320130156,82.0,1,27.0
4.0,-0.5139098945044132,-0.47522006338628064,-0.22097421615468082,0.005246258605459996,82.0,1,27.0
4.0,-0.9268680398034123,-1.3650929271782375,-0.9955698918250847,3.2846348196185557,82.0,2,44.0
4.0,-0.5619282834926688,-0.5275655259622781,-0.8019209729074838,-1.452259768511471,82.0,1,32.0
4.0,-0.7059834504574359,-0.6584291824022718,-0.41462313507228177,1.0983757789431587,82.0,1,28.0
4.0,-0.715587128255087,-0.5799109885382756,-0.3031283029682085,1.389876984366544,82.0,1,31.0
